,title,file_type,year,url
0,gAAAAABnyt258O2q2LtszTCbPWX88W6ssv9r_1NlSouoQ2DQrqyjc5lcHRa9-ei6arEaM0Xpg5ifynFXu0F6HKBeJDeLGzgfrevA0JpbVU2-g-clO3JPV9G5GIuBnfW_nqrFW4HmvdFM,gAAAAABnyt256tY6CmuebN9bqs5g9RLtWi3QCBaxWg3j-dlia33q0aNUZW8JAE3JO7pAOlWtAVuxfjKabTp2jrAiPKPKxkHMCw==,gAAAAABnyt25bf6-87Im-5-CZWRThCYiKyfxCEx78nKTzLss1H6nFJis1JYnck3b6i3gHE6wkS1ZAtqbhK7tauJaftlWwWDkbg==,gAAAAABnyt255hvrqZlApGkiag-xmQti4qCwCYuok7aOHNwfrHdpnDWulYQc2VzvTj7Cz6g6Tqa9hsdzMQ7U_IdP6dO9soCNAv_mwzRQHYqkPNprJ7AIl_qq4gKiFbtqwW_X20KHukxD0jSihCnc172Fs0Ncqq2VfUlyHgeZQF6yYvB4hbNUZcR6f68rwYaqVfWRNbGYLIykYJJYu-lW24I1RCOI8mTRzsMPRErZUQGNjQ3N_f8mJTI=
1,gAAAAABnyt257n4tCMmgltJp4_j6o4e4jHvwCXv3K7R-mC41K7VtiSnWWhTbkZh1nuwobGA9_eMlxMBadZTb3wH8VHXGd7TuXQSmkcRFaDGv9dWNo6PBwooj7JezXNuCMI6-5U49U1Nx,gAAAAABnyt25fxfwRnjv9bCD2MnS4mpyuP6YJIpJ-FbHEIygg5RiHOS_GONAHO3ejqh3jrcmtMNZuM8dnubhlc9DfZSYP9j-uA==,gAAAAABnyt25cB3_m0hcvL2Ppmc3kd1ryHgWll_pn4bHgdua9shjQG5uzq_03bqJmjxCRwAbIw6FBHJ7NSaTm9vaWHtqORDE4w==,gAAAAABnyt25MJHhXOVOYnPelPMuLon5dkN0CbJ_ReO3yuy6LPnwAm-sCb0sGr8o77tY8gU3v29zYt84o-mNdx1u9qjsIBtKc_5syr6y13bBVBEBQUi7wS9FEZW84_DLAnLaJZSVdLo6qMf3tsv1Q_-8JfIIej2JVrr_iefMfR49uRyRUVAAQ9Z36JBHJRsgcjWwxPufLcXb9ZfDMG0yssDBiGyC25NA93rgamaNELzyJxdlDBaCnJk=
2,gAAAAABnyt25U2md2zy1F4YpV1qbWw21eTTRx4Q_hf1wLuKC-vqtq2KkiN974WZfETUcqON-2WTH8Q_G7MeNrYHpgMJxNQBsbys-jjg0uo_qFNhQ4wmJTec3fvS3xrLdEVFeyx4JA_Da,gAAAAABnyt25cejz9qANKuZKabKZc5XAES36o66RfoNXdGnsBbNV55BTYtqTMXNh1ueEw9Am2MnOCPphwQEuZJwOrHe5MGuYrg==,gAAAAABnyt25qX2Z-Rqo5GOyWuELSQdXhdLsJqVH_4Hal0KB-dbyEatM1rf9ECo8t3A8RdK9yPjaJXiJipZtGMoDWs4qFMzQAg==,gAAAAABnyt25z37owN_EFfJ9SD_FVFHbpkBGvS-2BYutCV1i6pseSt4qQBizNXHeG8DZWRJABf99T1hkbB4R8szFre13c7hZuYeWO2afJ3wxnAEc9LJYZxspUgSU1xiMDFHJRI_63pIGz3dwCKZwRIuHetF_pRA_fuLO8p6QzcVBstESnp2WJQld_gpyINx2uYx_zHascVguZeIrJNnUgcVx4NynWj1b5TqJcSI9vkLR9qM9AeYYobk=
3,gAAAAABnyt255KsQsEPAZVg0X0SbGfxiEhO_6lyxy-AJPzwftOhofw-dC3hQeWhzdW8p_YDHcS4ZW64XI8IQfXE5SekM1Dc15O1Hop6-IE5uiIC0OB8xDRZsEyNVPM0W0zJf1QyFMRMD,gAAAAABnyt25ZWFcA_py2ZDbi65AH-cmmGOHPKuvAnaUCiEZGdewj5lYiLwUbi0I7wKLq3Uwa0KZ2xpxwOo-LVoouwbsIn-H-g==,gAAAAABnyt25RoM59lwkPLEtIri4ae0jjXzOCKqIgVINi1u3zlCU_pgTyYvBWhnInWPMihEjCqf7AKF4v2f20UPHzfH6k89Scw==,gAAAAABnyt25rynVaRsu8_UahRMX7bySXQIK6NGJHRoiFe97rPru5Aj_jiYN4ed6kClbrf8TWPU3KI_QQx7HtuAN9bvmLgMM_VdNrZLLOOkPfQnMFtkDOPGktQ1L2hepfPEnJ_HFqvdFDtyeaNNE7jwsV6RLGswnBCspxDE4gb_sXQW30X_2YUXg0YRV4mDEiya5zZh5gKoUL1-L6PDTNhqDoOzH3ZDnayaRdz665Tq226hDwbizlIo=
4,gAAAAABnyt25tr2pj41-GKQUNaNX0rjkGSSzEr7WPkweI2Gx89BtM9_qwLo2W1oYx02x-bhpThU2Xn_wwMS3wpUBvOfzf7DU3dDJXqE807y4D0mx5BSJYkAl1r1rTWj2ouKxcIbZ5iAF,gAAAAABnyt25bIul0dsW7MC0u7zqyYieNSqfuAuuK358mUH6GxLsHY0G0JhIMQkeo6WRf0nXiPqVaIsODTrlLEBZFt0G--jwyQ==,gAAAAABnyt25OK_GJjG52EXQpAgtzZpQK62-GOCZJghg0eV5FhYy3ABzxUaCrA5l0N2FB1f08unq3jZDxDPZXV7HmTonqGb54A==,gAAAAABnyt252rtuPIe1Jelu6-KCOch0AcmZ5_H__Ai9ED0FN4DK6b8PxOFYcBf4OJwbHrMw12w7Vuc82ojmVDMcuQA2iNNxr7L-ECVjkUa68I5KNMP1pyTz_Q7yjXKJ7cxWGYJDcEoUrW-_z6BNjhRAR9ms4z_A1oFLmLOmrChVnh58iRKeA9P2YKq1a9SoRV43-bT6CTy9tDo4_25SzJfVC6oB16HALJk8ylJBX0qP6MvZPKv3geA=
5,gAAAAABnyt25jeuKY0TwFCCHGirhOqpeHIKk3GnpKafQwLU7LgeeYg9VDlfTmaDBnWIAmGqvHVxyZ-oKWqlqWAC1YVI8aj4aP0VLvwJcmWRB9H8lOtyy8BIuQpT7GyNhVAt9uEd8CAwA,gAAAAABnyt257xposBj-W1hTU9j5lkXmn4dZ6UPWAGncVjyuus9fcC3fKIDCxoKe2TBluC6p1cE5C8PZ4gmCBR2y7CIBT-81mg==,gAAAAABnyt25maJoliQKKL_y0mSlvmmyyaPYHGOdNzyRsXJyh8DyqNEI5FyqvuvbLFidUZOxRXZI7FOH6IaxzA_Pgn0TN57IyA==,gAAAAABnyt2558NRmaihCK65gy47uKM_6LxkcuRpsxgOq96nOq5Mhapx9DpnF-zIVTcIa4tcJNyiYH3LAR5jlE5JZA4bE14tEOjnTbEzieUWruf-ZnIuzBx83vGkU1pKg4cFeJzl1NBOr1bsYtVgeJVPchlfoduF-tajXj27mBJQhEiNSLmKAMwD7YgushaQBc-C1sisW5IvS-PPDI2rX_cIFuvrrIMUGCpgUPCz5dBApUGK6A-Azow=
6,gAAAAABnyt25D55wu29qdsEQ0oZ1s8MUuLCQRSL68-MRCCUllKUOAuW-mSiqIFjYzn7bXOS_KrRhAk11gy5ChPzEONP2Yt1zGRq9hOkr6_ouwM1e4wVvf7QUrQSA5pW7ugp5FEYPg-Z8,gAAAAABnyt25ifZR4_WfaImL-BlGMClF1HrMgd-Uy3_CEdSSMK0PVnMSJlBU1lkm8W04CeqdeqUd9p3qs9kPhe0gMhRJCHsupA==,gAAAAABnyt251mDVj8KwgWAYuEYZA8MPKTQDzKnEujFpX9xxAtiW6y5DFSsWWO_d59UbfhTj3FMKnq34ng9e3lsddNn2vep0dQ==,gAAAAABnyt255Pkn9qwg1qNyIwJ12tkUcK-QhmLc534l3jYE6s4nLqJPOzLXLcKOvKWQUbu5dybewpGUWPUt2DIHM4YcRDgfAkrKBbPmR5wMI7rDmdEZY1UOJ7rFNHuca8zq2Wc9MaH4sa8wRvHEeswhp1Er10wGo-zjEAyy--cpGaYYI_aJPiQEWCGVVSRP5CW0SAgJw_bNhs8e_aDSQ4ygdLzlQRxK6KohMfY-sYAKpYwcyv69Rho=
7,gAAAAABnyt25GRLEcGYe1XaQoE96Bf3XGEH3Vf4EHw0IBe9tlKb4ZT8bWwE6jeQVPDF4BoTvxkvR6Vd_C1Tn97htB9F0YLCp_T6cFGeet-3LAvYXj0DxbZOhqnvs1Y7o7TEObdFWSXL_,gAAAAABnyt25zOl6VcUS7OkGJ2Czg-lCX-hL7Nk0b3xV1CF39WL4jySh2Ff4cjVpRP-oLtHZVmEX9oohnG12rKESRdP9eBR9WQ==,gAAAAABnyt25JbhxBBZZHxh1n-nnlH1dMHklb7iwBDpi9AH4azGuKd3WvI8iNEVUGgvt5yhGki-KaUvLMqHx3ojVmGJ9YXOLCA==,gAAAAABnyt25AsEbQrFJbFxyavsPrEsOycqeFqP0xp_GA8TwJ7_0S4utWecBA01IIKpvMiaXsypOgG5cdnLc0iShm1xxdLI6ZqqdSqqy7voKeUiRiPfcK9zYcS8fdhZQXKowAYXFn-uJLkIgYOx-8ZiLkfGpRw7EmcmxeaKISaGgXPpHzhh8OhQOW4m0Pn7Nr8w4Xw3lozxa_k4Qq4Y6jI6B4uXwBq1kFbERnQs7Y1r7cLLndVWeNRM=
8,gAAAAABnyt25zav7JTUkw47ZtsEMMDzQBDQEya1ZkA7JOXKzV9PFROJEejxQIA4iVKMuOqsd7e7Lw3EmSZx8OeunxebCGbhwQc2AEerRtl6cJblS8crw7zILpOZJYHilDVKvE-n84Flm,gAAAAABnyt25iPChmSA62AoZmGEUDgJPWFRqw9kQ5IIWYfmUk74n_G7eSKnHJV5i3foYA3prluM6Nn5jmsh8y8h1_3WcRkFSgQ==,gAAAAABnyt25wkCqLhtiMN1A8q4ppyIneTFc8S1VvNw5iDtl2hXBMaz8BNdR-xsdtzWQ2DCLZnqemQdhqNw4CcyOZMzUlIPhOw==,gAAAAABnyt25ozmL02er9mA-eNaG9WQvquNP7cSJsx8JmDav8LfOjnInwEHQ89ySUr2GaAK0Pp2ktgapEuPRw0zPWi4LA7SzqRl8WJY3p7hQEQI1wh-czl4XFEyuAPB0kxmexV_q9n55pXXVVwVm5TwPeJPrd2XZqeuUKQjUfodRVijZKMJ637kGifVEF8ZwnkQnvKYh8XPz9g9KLEwlRyBC3efjGvarEktGyb2pNOfp7nmSNS_NH1g=
9,gAAAAABnyt25jWqOxkwjwDD-05xa4cDU6mjg-8gw1rBA3B7kAJI17Ozv5GZHMmO-KuJhPoXtvw_X_7eWnYwEoeTGwpthF_pJ6YgUx0INrQKg9MCNhFX0xaTQ7speS2541F1OoklAkm4U,gAAAAABnyt25VFWrF9JFrL7VdZ1-hkDvcBefktC8MdKYuKvECnqvDLx6-Pepa7UJMEVwVGPEwsVJxfvN8iuqpw58X9ZQcBsD8w==,gAAAAABnyt25V7elnOhmc7BsNvPFH86LzvsaYGwrPVURzklmj6Yzc9noxD4XDQwW2j2pKZ1EbNrjsq7KlgRjm0TQJ61UQfIvnA==,gAAAAABnyt25N4gMJBZmtftCQsuDQ2_Azazxp8YYpv4zreeiPxTnbPjUU74WMaPzLmxb-VU5w2ts8QSDiyhIVsC0xN-iuqB37Grv0aepqNrVOLQPzcwbSoXcDvxOzQdzD_YWI87jsLS3D5hRhI7S_FbuQBmpO4YLi-m1eGLJSsrxG37waaGPRoqi3lBoS4wV_wu_yKWXSM87M9v--HPS4yLdbghfdp41vvyHIcBAi_zvpWRZIcpMH4c=
10,gAAAAABnyt251RUOoCWcwz7Oojd-W5ZmfQ9bwYb8mboYrn6BJ7CoKrCuUqAoclA71cAeCBodRztCP2F0kTloJD7BwWcobpnmoD27J9JN0lsUlOnrybO7MWq8sEdUs-0eP0touJdUzWu0,gAAAAABnyt25JtB8vOTVcrbYf-_OSyKm816_wmehe86E7bwQHgZ9wHfTET9fofYoKccXIDeuLfbGr6AnMm_tsxRuzOQBBmel1Q==,gAAAAABnyt25mRKFQqY7yomdm7CsnQ3pmmfB20eeS7N5pOwF4ryaF5DYUmYWw49xT6Qr-dwd4y-rnS-RgxQ6Vi4Nx3JuWPWKfA==,gAAAAABnyt25DK_gchO1JizZmaMcc0e7DMrf5cRsv566b3vhxqHnwFw4MaeHudu1OKFcjUyAVX3OzRV_BBME3fqGoI40BKJOCbYWwTHA9vLsYXJl2PJyH-Rl0ZHWUSxf_v4KcHSi_Rw6ypBmAwyoAQzF-NQ63EdSg1l6ZHlSJzzb5iPSs61dZapUt1_1HxzlmU1BbUp3RzPrn8xV_DWUjst0GQjyZX-j-dleEqG0KLt9MrQt_n_JM_k=
11,gAAAAABnyt25-8GAiPRzzvNvMcNn7MMJJtuQgDsjMybGeDHrII1KE1lgRjZ2iSasI8JcMtZxs6nkC0xPLGRzMQB_b1JHf5HI8_jT__R5z-Uoq4Sl2HzWZp8KKdiMv7RUCZ4KZ7LOySCN,gAAAAABnyt25HJ7jbTiM3R0yUH6NTPn1kzB3iyjPRnU0m98HUhn9lrkff3QjfXKRZxG4ih9hxy203TzqKFwAsZx26R3R0ZT9Kw==,gAAAAABnyt25icjll2ZCypcLYligD77DN_Che3JW9_oFWj4m6bwmPn6cZ1vMQBZPGm_m9PmZD5CpxmhK95znWveE9cR1GICbZQ==,gAAAAABnyt25Q5si7y6Nz4_iryZxaqz5AxsHincR78jgFWKah9y13gMfLmMhWJkxnf9d09EJUudYGezP4SWn4n-oAYAMs8By0gTxPnO2M8TM5Ok4nWKOrydIObBfvPUOOPiQKi8lKXnO8U76bSa0a783iKYFtpB_gajxEMteUDyR-jhQTe3tU-vk9_CVQZx-ah1ugV4iiB4LZ7lgbl8Fn9tq2DjBVLQzrhc2MkeT7vTmeS_GQHXPGR4=
12,gAAAAABnyt25A33ExXqBaWIaJIKcaKtDDBu--EiNpQAQMa0pwr_HUIBJV43KroMdn7lkLMuuiHnTgL5SmAfnw8Fk5iGQ3BNlM2r37uQkjxARq1uPh8mtlKMbaMtxdOUhl88BEm1Gk0lY,gAAAAABnyt25v-AoTAA86Q75ldJFQd0hcOqNBCbStamw7dAUNe36qOfk5VizcZRePhOInHmk-pH8uVpftF3eGsDm0ZjsMJvncw==,gAAAAABnyt25fz-0V8qKupFLBkv6g4oqhN6jgJWifRyvCsiyOTG3QLqMJCP-2WulcV2lI14Lcy0rwgkNtoZHjGxKyY0OtWHaOQ==,gAAAAABnyt25cen7FA3AxapMXh-Pi97jzxrR9fag4ShkDBF1hy9CsOP94knYLOW21719hnVufJJuL0ZyLcOL_ZAe8dlIRE4Qi47NR1yFbNN_FZ68lLzxzZAUf2xjNL-EDQ6g7a18O1KfWYNRELrkdMpUnv3F7BGBtVnn2B2HZ1m0gbmt_Z2t5N0LkHzndsZ4EDrd-kux2W3OFarR9obS0URvakXFJ8FEdaD9aTP7TzubpoSlY0ZWxSw=
13,gAAAAABnyt25U9-9_tKmD9tZkZZGbHgwV8IapPvdIy4oYDfMkP7H_ejZcE4NKUeeezDTh_rNY4j0on34BDYOB-GwPoj7RQdyFHQg21v-33Z58Uq9QxmvaYaLCqqzeEhA3CTKMJg_HKeA,gAAAAABnyt25-9l3vBvJnltDp1X716Rv3GLJl6T1ECpqmdkaVq_cUoIdU6UZRqUbosQFWMIJfigah7qeCPcF10E3OWd41O8O0Q==,gAAAAABnyt25ILiRapTx7nPJaEUPHJ0DJ3WP0qoCTMNv_mjE07CaIbICHSHGip_MmmAzpibXL4vbjm7Ovs1zqZpnrdM_Wdw50w==,gAAAAABnyt25e5r3-dP41b7ql0NDM8hiSHEkNr6VaKwM76m2Ufar3Mm58GgYUKsGU6AqoTViSF-m89auVDRqnqwVZ1aPc99gp0bpabF1H60CnO-KWHBIvVx_qbJb9HW56n8NRqvPBM9_7Lj9hsbNVXxy8-ah0FWa_sQ2uvGVPsF8rStvcnuW5pDCgkQ2xkU1en83brKzn2W64BTYnFtM_0y1XhwCwAjhs4NChjd3sWKSgx2EmIwAgxk=
14,gAAAAABnyt25SFs_lLTXdKK3nPWTrZqc5bHBVsuIQFAYarAtwzyrhA6XQSNYEzahlr2GNkcei9kPwa7FwRmMUwHVXQgqdEBFWI82D3ZMmJTjgByO9iBIk7cnEeobDK9ZeMlKK_Xw6vIV,gAAAAABnyt25eX1aLgvpjipO4ejkToJ2_D7852LyW9vI5AO56nZBTuzBJqBGHcODVqSaZMDtHMCbTZknodaJUuOWNoUkqXc2jg==,gAAAAABnyt25x2gB57ctmxdB0QuLmu8AgEkg0kjGnwLI5WKTCLtkzGWY2gpvebDURWQ-30zSq7L4ZgcgqI1Dl7Ht1N3_F6y1bw==,gAAAAABnyt25p6CJqDUlnrt_iyYRIw7Lg5XzZhXpPV0c33t0WpKbGNPiAs2hs-KPjOwo4xiEgwAG4uS2n-v12EMeL9M_M6gvisuhN2yC10Jvh2-CDQxMbTxug11gijZNwTkehVrB1BmsviN2pJRqsJVpyyjKqG2idzUwVhEashsWJdu_UvFjppsdvqd9eHcc1rfTZC4HAVf4B5mTVM9Qf3-mVttMcOcljEqndkyxEYlGbnxF67EbvDY=
